Agent Name,Date,Name,Number,Adress,e-mail ID,Product,product price,No of product,Remarks,sales channel
Roopa,2025-04-08,Hrishita Kata,9657869282,Punjab,abrambalakrishnan@yahoo.com,Product 5,999,4,Yet to Purchase,Online
Roopa,2025-03-29,Vaibhav Hayre,8150962494,Kerala,eladasgupta@hotmail.com,Product 2,1499,3,Purchased,Offline
Roopa,2025-04-14,Divij Ravi,3660797744,Kerala,imagar@yahoo.com,Product 3,1999,5,Purchased,Online
Roopa,2025-03-04,Kaira Karnik,4120040882,Delhi,tejasdass@gmail.com,Product 4,2499,3,Not Interested,Offline
Roopa,2025-04-16,Tara Kara,4311943192,Delhi,advik44@gmail.com,Product 3,1999,5,Not Interested,Retail Partner
Roopa,2025-03-19,Nirvi Kumar,0595045989,Gujarat,shamik80@hotmail.com,Product 4,2499,1,Interested,Online
Roopa,2025-02-28,Oorja Edwin,0236937633,Karnataka,ddani@yahoo.com,Product 3,1999,2,Yet to Purchase,Offline
Roopa,2025-03-02,Kiaan Cherian,5014860582,Rajasthan,qseth@savant-dutta.com,Product 1,999,3,Interested,Mobile App
Roopa,2025-02-24,Gokul Bhardwaj,4186610244,Maharashtra,aainawalla@gmail.com,Product 3,1999,5,Not Interested,Mobile App
Roopa,2025-03-15,Amira Sheth,2501532014,Punjab,ranbirsanghvi@yahoo.com,Product 1,999,3,Not Interested,Offline
Roopa,2025-03-12,Kaira Chawla,9469538908,Maharashtra,rashaboase@ramakrishnan.com,Product 4,2499,2,Purchased,Online
Roopa,2025-03-03,Alisha Sem,8861467426,Maharashtra,orajan@gmail.com,Product 1,999,4,Yet to Purchase,Mobile App
Roopa,2025-02-24,Hunar Raval,4010985723,Kerala,farhan20@ahuja-kaur.com,Product 2,1499,2,Not Interested,Mobile App
Roopa,2025-04-14,Zaina Raj,0320681689,Kerala,hiranchowdhury@krishnan-sridhar.net,Product 2,1499,1,Purchased,Mobile App
Roopa,2025-04-14,Vritika Dalal,4348300329,Maharashtra,kimaya52@ghose.com,Product 4,2499,2,Interested,Offline
Roopa,2025-03-19,Trisha Bava,0552064864,Maharashtra,inaaya-dara@dubey.com,Product 1,999,1,Not Interested,Offline
Roopa,2025-04-19,Sana Jha,4699998691,Delhi,keyasanghvi@yahoo.com,Product 4,2499,1,Yet to Purchase,Offline
Roopa,2025-02-25,Anika Balakrishnan,5503809790,Delhi,damini24@chaudhuri-chaudhary.com,Product 1,999,4,Interested,Mobile App
Roopa,2025-04-10,Neelofar Chopra,9956715619,Karnataka,akarsh38@raj.com,Product 5,999,5,Yet to Purchase,Offline
Roopa,2025-03-22,Mohanlal Lad,6138710547,Rajasthan,dassamani@hotmail.com,Product 2,1499,4,Purchased,Online
Roopa,2025-04-16,Dharmajan Kalita,1422123245,Delhi,jayant53@krishnan.com,Product 1,999,4,Yet to Purchase,Mobile App
Roopa,2025-04-03,Jiya Kapur,9890904670,Karnataka,ehsaanmani@thakkar.com,Product 2,1499,3,Purchased,Retail Partner
Roopa,2025-04-03,Shanaya Bath,7302955945,Delhi,ryan94@gmail.com,Product 2,1499,3,Interested,Offline
Roopa,2025-04-06,Khushi Balay,6928862571,Andhra Pradesh,valaromil@dhar.net,Product 2,1499,2,Yet to Purchase,Mobile App
Roopa,2025-03-08,Kiaan Kibe,2585905579,Punjab,mamootyshroff@sandhu.com,Product 3,1999,3,Purchased,Mobile App
Anu,2025-03-22,Shlok Sidhu,5978500926,Delhi,buchaniruddh@gmail.com,Product 3,1999,2,Interested,Online
Anu,2025-04-22,Indrajit Kaul,8556759758,Gujarat,eshanishan@yahoo.com,Product 5,999,4,Purchased,Offline
Anu,2025-03-09,Aarav Rout,5328340036,Rajasthan,usandal@hotmail.com,Product 4,2499,1,Purchased,Retail Partner
Anu,2025-03-14,Darshit Kulkarni,4755166817,Tamil Nadu,lalaishita@yahoo.com,Product 4,2499,5,Yet to Purchase,Offline
Anu,2025-03-21,Kanav Comar,2207508634,Gujarat,armaankuruvilla@dhawan-chaudry.biz,Product 1,999,3,Interested,Online
Anu,2025-04-16,Samaira Basu,7252115657,Kerala,nitara06@venkatesh.com,Product 5,999,4,Purchased,Mobile App
Anu,2025-04-02,Vaibhav Brahmbhatt,1839727434,Rajasthan,rheahayer@khatri.com,Product 4,2499,5,Interested,Retail Partner
Anu,2025-02-24,Uthkarsh Bobal,1370007101,Rajasthan,vaibhavlanka@swamy.com,Product 3,1999,5,Purchased,Online
Anu,2025-04-22,Romil Rajan,5339369959,Delhi,amanigrewal@gmail.com,Product 4,2499,2,Not Interested,Offline
Anu,2025-03-02,Abram Batra,6025631775,Delhi,vanyakibe@vasa-mangal.net,Product 3,1999,2,Yet to Purchase,Mobile App
Anu,2025-03-31,Dhanuk Kota,9618788666,Gujarat,reddyvidur@garg-ratta.org,Product 5,999,4,Interested,Offline
Anu,2025-03-11,Lavanya Korpal,3955832288,Andhra Pradesh,chandsara@yahoo.com,Product 1,999,3,Not Interested,Mobile App
Anu,2025-04-01,Priyansh Bhagat,5691894022,Punjab,nirvi87@thakkar-shankar.org,Product 2,1499,2,Interested,Online
Anu,2025-02-25,Kiaan Sami,5809546437,West Bengal,chandermehul@gandhi.com,Product 4,2499,1,Purchased,Online
Anu,2025-04-12,Divit Tak,2628225992,Gujarat,bhamini66@sathe-garde.com,Product 3,1999,2,Purchased,Retail Partner
Anu,2025-04-05,Vedika Rastogi,8570624603,West Bengal,samihasabharwal@sarin.info,Product 4,2499,2,Yet to Purchase,Online
Anu,2025-04-06,Nitya Goswami,3786026922,Karnataka,jayeshkorpal@hotmail.com,Product 4,2499,2,Yet to Purchase,Mobile App
Anu,2025-04-12,Charvi Dayal,9669876686,Kerala,urvireddy@mann.com,Product 3,1999,3,Not Interested,Online
Anu,2025-03-07,Vivaan Sangha,1114981962,Punjab,traval@gera.com,Product 5,999,1,Interested,Mobile App
Anu,2025-04-02,Yashvi Sagar,5047275765,Rajasthan,contractorbhavin@shankar.org,Product 5,999,1,Purchased,Retail Partner
Anu,2025-04-06,Bhavin Lata,4139265366,Gujarat,kartik58@chakraborty.info,Product 4,2499,1,Not Interested,Retail Partner
Anu,2025-04-22,Miraya Gulati,1829553264,Maharashtra,kismatcomar@gmail.com,Product 5,999,1,Purchased,Mobile App
Anu,2025-03-31,Gokul Datta,5621622218,Andhra Pradesh,mamooty07@banerjee-mann.com,Product 5,999,2,Yet to Purchase,Offline
Anu,2025-04-12,Himmat Dua,2957793065,Karnataka,soodnehmat@bal.com,Product 3,1999,2,Not Interested,Retail Partner
Anu,2025-03-30,Manjari Sem,9999972239,Andhra Pradesh,chauhankhushi@goel.info,Product 1,999,1,Interested,Mobile App
Vanditha,2025-03-29,Diya Raja,7754523345,Maharashtra,suhana70@bhargava.com,Product 4,2499,5,Purchased,Mobile App
Vanditha,2025-04-11,Nakul Biswas,2354110074,Punjab,hcheema@yahoo.com,Product 4,2499,5,Interested,Mobile App
Vanditha,2025-03-25,Aaina Khanna,5744280029,Tamil Nadu,ryan11@kannan.com,Product 4,2499,2,Interested,Retail Partner
Vanditha,2025-03-11,Badal Mander,6975300061,Delhi,cvarma@baria.com,Product 4,2499,5,Purchased,Mobile App
Vanditha,2025-04-18,Hrishita Dhawan,5616464625,Maharashtra,maninakul@hotmail.com,Product 4,2499,4,Not Interested,Retail Partner
Vanditha,2025-03-01,Anahi Mani,1181851741,Gujarat,wabletushar@krish.net,Product 4,2499,2,Interested,Mobile App
Vanditha,2025-03-31,Rania Handa,8688940138,Andhra Pradesh,divitcheema@chacko.com,Product 4,2499,1,Not Interested,Mobile App
Vanditha,2025-04-22,Renee Comar,5461669353,West Bengal,majumdarhiran@gopal.org,Product 3,1999,2,Purchased,Offline
Vanditha,2025-03-21,Prerak Shankar,8168716760,Maharashtra,gupadhyay@chaudhuri.info,Product 4,2499,3,Yet to Purchase,Retail Partner
Vanditha,2025-03-03,Bhamini Dhar,0335139201,Punjab,yuvraj-95@hotmail.com,Product 1,999,1,Interested,Retail Partner
Vanditha,2025-03-01,Vritika Bali,2032694939,Delhi,veerdayal@hotmail.com,Product 5,999,5,Purchased,Online
Vanditha,2025-04-15,Zoya Basu,8959167024,Karnataka,kartik66@talwar.com,Product 2,1499,1,Not Interested,Online
Vanditha,2025-03-26,Ivan Chadha,8383356412,Punjab,rashawarrior@salvi.org,Product 5,999,5,Yet to Purchase,Offline
Vanditha,2025-03-08,Diya Sodhi,6794964324,Karnataka,dhilloncharvi@gmail.com,Product 5,999,4,Purchased,Retail Partner
Vanditha,2025-03-18,Charvi Basu,4466933175,West Bengal,deolprerak@yahoo.com,Product 2,1499,1,Purchased,Retail Partner
Vanditha,2025-04-16,Himmat Dani,8163790564,Gujarat,mamootyhora@chopra.com,Product 3,1999,3,Not Interested,Mobile App
Vanditha,2025-04-14,Madhav Rau,8685852468,Karnataka,kavya94@gmail.com,Product 1,999,4,Purchased,Retail Partner
Vanditha,2025-03-09,Shamik Sheth,6391140287,Punjab,itata@hotmail.com,Product 4,2499,3,Not Interested,Mobile App
Vanditha,2025-04-12,Drishya Gaba,1037842698,Gujarat,vardaniya49@gmail.com,Product 3,1999,1,Yet to Purchase,Online
Vanditha,2025-02-27,Azad Desai,8198811451,Punjab,ckota@yahoo.com,Product 4,2499,3,Not Interested,Mobile App
Vanditha,2025-04-21,Aarush Bala,6299362726,Andhra Pradesh,vardaniyadutta@gmail.com,Product 3,1999,3,Interested,Offline
Vanditha,2025-04-15,Himmat Dhaliwal,1561728598,Kerala,ovarty@anand-randhawa.com,Product 1,999,2,Not Interested,Retail Partner
Vanditha,2025-03-30,Nitya Dugal,6058987416,Rajasthan,korpalneysa@hotmail.com,Product 3,1999,1,Interested,Mobile App
Vanditha,2025-03-19,Shanaya Kakar,9970375978,Maharashtra,wallajhanvi@yahoo.com,Product 1,999,5,Not Interested,Mobile App
Vanditha,2025-03-14,Trisha Sandhu,4682246323,West Bengal,dugaranahita@hotmail.com,Product 5,999,4,Interested,Mobile App
Firdous,2025-03-15,Zeeshan Manda,5701158993,Maharashtra,drishya55@bhatia-sastry.com,Product 2,1499,5,Not Interested,Mobile App
Firdous,2025-04-07,Myra Keer,0401327480,Kerala,toorzoya@yahoo.com,Product 5,999,5,Not Interested,Offline
Firdous,2025-04-22,Samaira Sathe,3568671877,Kerala,venkataramanyashvi@gmail.com,Product 5,999,3,Interested,Retail Partner
Firdous,2025-03-10,Tanya Bahl,9769523295,Tamil Nadu,divyanshverma@saha.com,Product 2,1499,2,Yet to Purchase,Retail Partner
Firdous,2025-03-06,Zaina Bhardwaj,2538721605,Gujarat,pgandhi@hotmail.com,Product 5,999,4,Interested,Mobile App
Firdous,2025-04-18,Zara Mahajan,6641141495,Punjab,chandraheer@sarma-atwal.org,Product 4,2499,1,Not Interested,Offline
Firdous,2025-04-09,Shamik Lanka,8477844207,Punjab,jivinsodhi@yahoo.com,Product 3,1999,5,Not Interested,Offline
Firdous,2025-03-28,Onkar Ravel,4961281294,Gujarat,hissac@buch-banerjee.biz,Product 2,1499,3,Purchased,Retail Partner
Firdous,2025-04-20,Faiyaz Kashyap,3985057190,West Bengal,solankiryan@hotmail.com,Product 2,1499,3,Not Interested,Retail Partner
Firdous,2025-04-23,Tiya Jani,8360880750,Rajasthan,badalishita@viswanathan.com,Product 1,999,5,Not Interested,Mobile App
Firdous,2025-03-12,Darshit Bumb,7822790513,Rajasthan,obadami@gmail.com,Product 4,2499,4,Purchased,Offline
Firdous,2025-03-01,Kiara Sachar,9129775286,Andhra Pradesh,kartikwalia@yahoo.com,Product 3,1999,2,Interested,Mobile App
Firdous,2025-04-16,Misha Virk,4676253847,Delhi,nityasekhon@hotmail.com,Product 5,999,5,Yet to Purchase,Offline
Firdous,2025-03-14,Oorja Chopra,4375857507,Andhra Pradesh,dadadhanush@shan.com,Product 2,1499,5,Not Interested,Online
Firdous,2025-03-29,Manjari Dave,5352903827,Gujarat,datenitya@comar.info,Product 3,1999,1,Yet to Purchase,Retail Partner
Firdous,2025-02-28,Yashvi Datta,6047788144,Andhra Pradesh,bhallakavya@cheema.com,Product 3,1999,1,Yet to Purchase,Mobile App
Firdous,2025-04-09,Urvi Rama,8040643428,Karnataka,onkarbehl@kamdar.info,Product 2,1499,5,Not Interested,Online
Firdous,2025-04-16,Rhea Borah,1528592240,Karnataka,korpalyuvaan@hotmail.com,Product 3,1999,5,Interested,Retail Partner
Firdous,2025-03-09,Kiaan Bala,3543835664,Delhi,romil00@kala.com,Product 3,1999,2,Not Interested,Offline
Firdous,2025-04-07,Parinaaz Kapadia,2149887909,Maharashtra,gargyuvaan@rana.com,Product 4,2499,5,Yet to Purchase,Retail Partner
Firdous,2025-03-23,Jayesh Bhatt,6712116758,Kerala,kapadiadharmajan@dutta.com,Product 4,2499,3,Not Interested,Retail Partner
Firdous,2025-04-21,Heer Sur,5346144322,Tamil Nadu,sairagrewal@gmail.com,Product 5,999,5,Yet to Purchase,Online
Firdous,2025-04-08,Samaira Tata,1140858530,Andhra Pradesh,sdeo@gmail.com,Product 2,1499,4,Yet to Purchase,Retail Partner
Firdous,2025-02-27,Hrishita Gour,5001020995,Karnataka,sarkartaimur@gmail.com,Product 2,1499,4,Yet to Purchase,Retail Partner
Firdous,2025-03-15,Kartik Chandra,4824218247,Andhra Pradesh,otara@gmail.com,Product 5,999,5,Interested,Mobile App
